classname,frequency,cls_length,uncompressed_css_bytes,brotli_css_bytes_saving_limit
.-translate-x-1/2,2,16,0,0
.-translate-y-1/2,5,16,0,0
[&_p:not(:last-child)]:mb-4,1,27,0,0
absolute,37,8,28,19
active:scale-98,1,15,0,0
animate-in,3,10,235,107
animate-marquee,1,15,79,66
animate-ping,2,12,44,44
animate-pulse,3,13,46,48
animate-shimmer,11,15,71,42
animate-spin,12,12,44,43
aria-invalid:border-destructive,2,31,0,0
aspect-square,1,13,30,34
backdrop-blur-xs,7,16,610,135
bg-background,6,13,0,0
bg-background/50,6,16,0,0
bg-black/10,4,11,0,0
bg-card,17,7,38,38
bg-clip-padding,1,15,45,39
bg-destructive/10,5,17,0,0
bg-linear-to-r,4,14,182,93
bg-muted,40,8,0,0
bg-muted/20,4,11,0,0
bg-muted/40,3,11,0,0
bg-muted/5,3,10,0,0
bg-muted/50,2,11,0,0
bg-popover,8,10,44,35
bg-primary,12,10,0,0
bg-primary/10,7,13,0,0
bg-primary/20,2,13,0,0
bg-primary/5,5,12,0,0
bg-red-600,1,10,50,50
bg-success/10,2,13,0,0
bg-transparent,5,14,39,31
bg-warning/10,2,13,0,0
border,56,6,61,61
border-2,2,8,63,64
border-b,24,8,179,90
border-border,76,13,0,0
border-border/40,14,16,0,0
border-dashed,5,13,60,41
border-destructive/20,5,21,0,0
border-input,4,12,40,42
border-primary,4,14,0,0
border-primary/10,2,17,0,0
border-primary/20,4,17,0,0
border-success/20,2,17,0,0
border-t,16,8,71,65
border-transparent,3,18,39,31
border-warning/20,2,17,0,0
capitalize,1,10,38,36
cursor-pointer,56,14,31,31
dark,1,4,1063,264
data-[range-end=true]:bg-primary,1,32,0,0
data-[range-end=true]:text-primary-foreground,1,45,0,0
data-[range-middle=true]:bg-muted,1,33,0,0
data-[range-start=true]:bg-primary,1,34,0,0
data-[range-start=true]:text-primary-foreground,1,47,0,0
data-[side=bottom]:slide-in-from-top-2,2,38,0,0
data-[side=left]:border-r,1,25,0,0
data-[side=left]:data-closed:slide-out-to-left-10,1,49,0,0
data-[side=left]:data-open:slide-in-from-left-10,1,48,0,0
data-[side=left]:h-full,1,23,0,0
data-[side=left]:inset-y-0,1,26,0,0
data-[side=left]:left-0,1,23,0,0
data-[side=left]:slide-in-from-right-2,2,38,0,0
data-[side=left]:sm:max-w-sm,1,28,0,0
data-[side=left]:w-3/4,1,22,0,0
data-[side=right]:border-l,1,26,0,0
data-[side=right]:data-closed:slide-out-to-right-10,1,51,0,0
data-[side=right]:data-open:slide-in-from-right-10,1,50,0,0
data-[side=right]:h-full,1,24,0,0
data-[side=right]:inset-y-0,1,27,0,0
data-[side=right]:right-0,1,25,0,0
data-[side=right]:slide-in-from-left-2,2,38,0,0
data-[side=right]:sm:max-w-sm,1,29,0,0
data-[side=right]:w-3/4,1,23,0,0
data-[side=top]:slide-in-from-bottom-2,2,38,0,0
data-[state=closed]:overflow-hidden,1,35,0,0
data-closed:animate-accordion-up,1,32,0,0
data-closed:animate-out,6,23,0,0
data-closed:fade-out-0,6,22,0,0
data-closed:zoom-out-95,3,23,0,0
data-horizontal:flex-col,1,24,0,0
data-open:animate-accordion-down,1,32,0,0
data-open:animate-in,6,20,0,0
data-open:fade-in-0,6,19,0,0
data-open:zoom-in-95,3,20,0,0
data-selected:bg-muted,1,22,0,0
disabled:bg-input/50,2,20,0,0
disabled:cursor-not-allowed,4,27,0,0
disabled:opacity-60,7,19,0,0
disabled:pointer-events-none,3,28,0,0
divide-border/40,1,16,0,0
divide-y,1,8,0,0
duration-200,19,12,56,58
ease-in-out,4,11,88,62
fade-in,2,7,30,34
field-sizing-content,1,20,43,33
fixed,9,5,22,21
flex,356,4,19,23
flex-1,14,6,15,19
flex-col,191,8,32,33
flex-grow,2,9,23,27
flex-row,3,8,29,33
flex-shrink,1,11,27,29
flex-wrap,10,9,26,30
focus-visible:after:border-ring,1,31,0,0
focus-visible:border-primary,1,28,0,0
focus-visible:border-ring,3,25,0,0
focus-visible:ring-1,5,20,0,0
focus-visible:ring-offset-0,1,27,0,0
focus-visible:ring-primary,2,26,0,0
focus-visible:ring-ring/50,3,26,0,0
focus:bg-accent,4,15,0,0
focus:bg-destructive/10,1,23,0,0
focus:outline-hidden,8,20,0,0
focus:ring-1,5,12,0,0
focus:ring-primary,6,18,0,0
focus:text-accent-foreground,4,28,0,0
focus:text-destructive,1,22,0,0
font-bold,117,9,88,57
font-heading,34,12,50,42
font-medium,29,11,94,50
font-semibold,52,13,100,60
font-serif,9,10,42,46
from-primary/20,4,15,0,0
gap-1,61,5,26,30
gap-1.5,59,7,0,0
gap-2,83,5,36,40
gap-2.5,1,7,0,0
gap-3,40,5,36,40
gap-4,52,5,36,40
gap-6,19,5,36,40
gap-8,11,5,36,40
ghost,1,5,0,0
grid,19,4,19,23
grid-cols-1,16,11,59,56
grid-cols-2,1,11,59,56
grid-cols-3,1,11,59,56
group,9,5,0,0
group-aria-expanded/accordion-trigger:hidden,1,44,0,0
group-aria-expanded/accordion-trigger:inline,1,44,0,0
group-data-[focused=true]/day:border-ring,1,41,0,0
group-hover:opacity-100,2,23,0,0
group-hover:scale-125,2,21,0,0
group-hover:text-primary,3,24,0,0
group/accordion-trigger,1,23,0,0
group/calendar,1,14,0,0
group/command-item,1,18,0,0
group/tabs,1,10,0,0
group/theme,1,11,0,0
h-10,4,4,39,43
h-16,4,4,39,43
h-2,5,3,37,41
h-3,53,3,37,41
h-4,87,3,37,41
h-5,22,3,37,41
h-6,9,3,37,41
h-8,31,3,37,41
h-9,12,3,37,41
h-auto,1,6,20,24
h-full,25,6,20,24
hidden,14,6,21,18
hover:bg-accent,13,15,0,0
hover:bg-destructive/10,1,23,0,0
hover:bg-muted,1,14,0,0
hover:bg-muted-foreground/10,1,28,0,0
hover:bg-primary,1,16,0,0
hover:bg-primary/10,1,19,0,0
hover:bg-primary/20,4,19,0,0
hover:bg-red-700,1,16,0,0
hover:border-border,3,19,0,0
hover:gap-2,1,11,0,0
hover:no-underline,5,18,0,0
hover:opacity-95,2,16,0,0
hover:shadow-md,2,15,0,0
hover:text-accent-foreground,5,28,0,0
hover:text-destructive,1,22,0,0
hover:text-primary,13,18,0,0
hover:text-primary/80,1,21,0,0
hover:transition-all,5,20,0,0
hover:underline,2,15,0,0
icon,1,4,0,0
inline-flex,13,11,33,31
inset-0,18,7,17,21
isolate,2,7,27,31
italic,12,6,26,30
items-center,149,12,33,30
items-start,19,11,36,32
justify-between,32,15,47,35
justify-center,30,14,39,31
justify-end,5,11,38,36
justify-start,5,13,42,35
leading-none,7,12,43,46
leading-relaxed,17,15,88,53
leading-snug,4,12,79,51
leading-tight,2,13,82,51
left-1/2,2,8,0,0
left-3,7,6,38,42
lg:col-span-1,3,13,0,0
lg:col-span-2,3,13,0,0
lg:gap-12,1,9,0,0
lg:grid-cols-3,5,14,0,0
lg:pb-4,1,7,0,0
line-clamp-2,3,12,99,57
max-h-75,2,8,47,51
max-w-[calc(100%-2rem)],1,23,0,0
max-w-2xl,9,9,42,41
max-w-4/5,1,9,0,0
max-w-5xl,5,9,42,41
max-w-7xl,3,9,42,41
max-w-lg,4,8,40,44
max-w-md,7,8,40,37
max-w-sm,3,8,40,44
max-w-xs,1,8,40,44
mb-2,3,4,45,49
mb-4,4,4,45,49
mb-6,3,4,45,49
md:border-none,1,14,0,0
md:col-span-2,1,13,0,0
md:flex,11,7,0,0
md:flex-row,4,11,0,0
md:gap-8,1,8,0,0
md:grid-cols-3,2,14,0,0
md:group-hover/theme:max-w-xs,1,29,0,0
md:group-hover/theme:opacity-100,1,32,0,0
md:hidden,2,9,0,0
md:items-center,3,15,0,0
md:max-w-0,1,10,0,0
md:opacity-0,1,12,0,0
md:pt-0,1,7,0,0
md:self-auto,2,12,0,0
md:text-left,1,12,0,0
md:text-sm,2,10,0,0
md:w-72,1,7,0,0
md:w-auto,2,9,0,0
min-h-20,2,8,47,51
min-h-full,1,10,28,30
min-w-8,3,7,44,48
ml-1,3,4,33,32
ml-1.5,1,6,0,0
ml-2,3,4,43,47
ml-auto,2,7,26,27
mr-2,7,4,44,48
mt-0.5,12,6,0,0
mt-1,8,4,32,32
mt-1.5,1,6,0,0
mt-2,10,4,42,46
mt-auto,3,7,25,29
mx-auto,22,7,28,32
my-2,1,4,44,48
object-cover,15,12,31,34
opacity-0,9,9,21,25
opacity-100,2,11,23,27
opacity-60,9,10,23,27
opacity-80,27,10,23,27
origin-left,1,11,32,30
outline-hidden,3,14,119,73
outline-none,5,12,57,46
overflow-hidden,31,15,33,24
overflow-x-auto,2,15,33,37
overflow-x-hidden,2,17,37,33
overflow-y-auto,8,15,33,37
p-0,13,3,15,19
p-1,11,3,28,32
p-2,10,3,38,42
p-2.5,2,5,0,0
p-3,12,3,38,42
p-4,17,3,38,42
p-6,4,3,38,42
p-8,3,3,38,42
pb-1,2,4,36,32
pb-2,4,4,46,50
pb-2.5,1,6,0,0
pb-3,8,4,46,50
pb-4,3,4,46,50
pb-6,8,4,46,50
peer-disabled:cursor-not-allowed,1,32,0,0
peer-disabled:opacity-60,1,24,0,0
pl-6,1,4,44,48
pl-9,6,4,44,48
placeholder:text-muted-foreground,2,33,0,0
pointer-events-none,9,19,41,38
pr-10,3,5,47,51
pr-4,3,4,45,49
pt-0,1,4,20,24
pt-1,3,4,33,32
pt-2,12,4,43,47
pt-4,5,4,43,47
pt-6,1,4,43,47
px-0,1,4,23,27
px-1,3,4,36,38
px-1.5,2,6,0,0
px-2,14,4,46,50
px-2.5,7,6,0,0
px-3,11,4,46,50
px-4,9,4,46,50
px-6,7,4,46,50
py-0.5,10,6,0,0
py-1,13,4,35,39
py-1.5,3,6,0,0
py-16,8,5,47,51
py-2,21,4,45,48
py-24,2,5,47,51
py-3,3,4,45,48
py-4,7,4,45,48
py-6,9,4,45,48
relative,41,8,28,19
resize-none,1,11,25,27
right-3,5,7,40,44
ring-1,6,6,261,106
ring-foreground/10,3,18,0,0
ring-primary,2,12,0,0
ring-primary/20,1,15,0,0
rounded,1,7,30,34
rounded-2xl,10,11,53,57
rounded-full,57,12,41,45
rounded-lg,29,10,40,41
rounded-md,17,10,51,50
rounded-xl,14,10,52,56
rounded-xl!,1,11,0,0
select-none,7,11,55,44
self-center,1,11,31,31
self-start,4,10,34,34
self-stretch,2,12,33,33
shadow-md,29,9,254,106
shadow-primary/10,1,17,0,0
shrink-0,69,8,24,28
size-3.5,1,8,0,0
size-4,15,6,71,62
size-auto,1,9,34,38
size-full,1,9,34,29
sm:flex,2,7,0,0
sm:flex-row,5,11,0,0
sm:gap-2,2,8,0,0
sm:gap-4,1,8,0,0
sm:grid-cols-2,12,14,0,0
sm:items-center,4,15,0,0
sm:max-w-md,1,11,0,0
sm:max-w-sm,1,11,0,0
sm:p-12,1,7,0,0
sm:p-8,2,6,0,0
sm:px-4,3,7,0,0
sm:self-center,2,14,0,0
sm:text-2xl,7,11,0,0
sm:text-4xl,7,11,0,0
sm:text-5xl,1,11,0,0
sm:text-sm,9,10,0,0
space-y-2,4,9,0,0
space-y-4,3,9,0,0
space-y-6,2,9,0,0
sr-only,2,7,141,81
text-2xl,8,8,95,56
text-3xl,12,8,95,56
text-4xl,1,8,95,56
text-card-foreground,1,20,51,48
text-center,22,11,31,31
text-destructive,27,16,43,47
text-destructive-foreground,1,27,0,0
text-foreground,13,15,41,44
text-left,16,9,27,31
text-lg,7,7,92,56
text-muted-foreground,174,21,53,47
text-popover-foreground,6,23,57,44
text-primary,60,12,35,35
text-primary-foreground,4,23,57,50
text-sm,55,7,92,56
text-success,4,12,35,34
text-warning,3,12,35,35
text-warning-foreground,1,23,57,52
text-white,8,10,37,41
text-xl,13,7,92,57
text-xs,130,7,92,57
text-xxs,40,8,65,55
to-transparent,4,14,234,83
toaster,1,7,0,0
top-1/2,5,7,0,0
top-2,2,5,36,40
top-3,5,5,36,40
tracking-tight,19,14,89,56
tracking-wider,65,14,89,57
transition-all,56,14,198,86
truncate,28,8,68,52
uppercase,64,9,36,33
via-primary/5,4,13,0,0
w-10,5,4,38,42
w-16,5,4,38,42
w-2,4,3,36,40
w-3,50,3,36,40
w-4,86,3,36,40
w-5,22,3,36,40
w-6,7,3,36,40
w-72,3,4,38,42
w-8,25,3,36,40
w-full,81,6,19,23
whitespace-nowrap,2,17,38,33
z-10,8,4,17,21
z-50,16,4,17,21